Keyword,Volume,CPC,Competition,Score,Intent
relationships,165000,1.15,0.01,64,informational
relationship,165000,1.15,0.01,63,informational
relationships name,8100,,0,14,informational
relationships types,8100,,0,17,informational
relationships name in english,4400,,0,0,informational
relative name in english,4400,,0,0,informational
relation name in english,4400,,0,3,informational
family relationship names in english,1900,,0,1,informational
family relationship names in hindi,1300,,0,0,informational
50 relation name,880,,0,0,informational
family relationship name,880,,0,0,informational
12 types of relationships,590,,0,25,informational
relationships examples,480,0.52,0.01,24,informational
types of relationship in love,480,,0,27,informational
best definition of love in a relationship,480,,0,27,informational
20 relation name,390,,0,0,informational
relationship meaning in love,320,,0,46,informational
20 different types of relationships,320,,0,17,informational
10 relation name,320,,0,0,informational
family relationship names in english and hindi,320,,0,0,informational
what is love in a relationship for a woman,260,,0,20,informational
family relationship names in english to telugu,260,,0,0,informational
4 types of love relationships,260,,0,22,informational
family relationship names in english pdf,210,,0,0,navigational
types of romantic relationships,210,,0,17,informational
family relation name list,210,,0,,informational
list of relationships,210,,0,44,informational
relation name list,170,,0,2,informational
what is love in a relationship for a man,140,,0,,informational
family relationship names in english to hindi,140,,0,0,informational
family relationship chart in english,140,,0,3,informational
20 signs of true love,140,,0.01,6,informational
family relationship names in english with meaning,110,,0,,informational
50 relatives name in english,110,,0,,informational
relationships or relationship,90,,0,54,informational
40 relation name,90,,0,0,informational
100 relation name in english,90,,0,,informational
15 relation name,90,,0,,informational
family relationship names in english and tamil,90,,0,,informational
10 types of relationships,90,,0,76,informational
signs of true love in a relationship,70,,0.01,18,informational
50 relation name in english,70,,0,,informational
20 relation name in english,70,,0,22,informational
signs of true love from a man,70,,0.01,18,informational
psychology of relationships pdf,50,,0,,informational
love relationship names in english,50,,0,,informational
4 types of romantic relationships,50,,0,,informational
types of relationship in love gen z,50,,0,,informational
what are the 4 types of relationships,40,,0,75,informational
25 types of romantic relationships,30,,0,,informational
12 types of relationships gen z,30,,0,,informational
30 relation name,30,,0,,informational
types of relationship in love like situationship,30,,0,,informational
different types of relationships between humans,20,,0,,informational
types of relationships in dating,20,,0,59,informational
family relationship names in english and marathi,20,,0,,informational
signs of true love from boyfriend,20,,0,59,informational
physical signs of true love,20,,0,,informational
signs of true love in long distance relationship,20,,0,54,informational
relationships bl,10,,0,,informational
12 types of relationships pdf,10,,0,,informational
12 types of relationships psychology,10,,0,,informational
romantic relationship meaning in love,10,,0,,informational
20 different types of relationships pdf,10,,0,,informational
types of romantic relationships psychology,10,,0,,informational
4 types of relationships psychology,10,,0,,informational
types of relationships in family,10,,0,56,informational
what are the 4 types of relationships between organisms,10,,0,,informational
what is love in a relationship for a woman psychology,10,,0,,informational
types of relationship between girl and boy,,,,,informational
symptoms of true love in girl,,,,,informational
romance video,1000000,,0,0,informational
romance,201000,0.57,0,31,informational
romance video for couple,60500,,0,0,informational
romantic video full,60500,,0,0,informational
couple romantic video,60500,,0,0,informational
best romance love movies,49500,0.2,0,20,informational
romance film netflix,40500,0.03,0,15,informational
romance video real life,33100,,0,0,informational
romantic video real life,33100,,0,0,informational
romance couple,27100,1.07,0,10,informational
romance love,22200,0.49,0,15,informational
romance film,22200,1.63,0,24,informational
top 10 romantic videos,22200,8.17,0,3,informational
best romantic video,22200,,0,0,informational
romantic video full hd,22200,0.16,0,0,informational
best romantic videos,22200,,0,0,informational
open romantic video,18100,,0,0,informational
romantic couple romance,18100,0.62,0,0,informational
romantic scenes for couples,14800,,0,0,informational
top 10 romantic movies bollywood,14800,,0,0,informational
top 10 romantic movies hollywood,14800,0.57,0,21,informational
love story movies bollywood,14800,0.03,0,3,informational
top 10 romantic movies hindi,14800,,0,0,informational
romance indian,12100,,0,0,informational
romance videos live,12100,,0,0,informational
romantic couple pics at night,12100,0.69,0,0,informational
romantic videos live,12100,,0,0,informational
real kiss video,12100,,0,4,informational
love kissing videos,12100,,0,0,informational
relationship couple romance,12100,,0,3,informational
full romance,9900,,0,8,informational
romance film 1999,9900,,0,13,informational
lips kiss video romantic,9900,,0,0,navigational
romantic video only,8100,,0,0,informational
romantic scenes netflix,8100,,0,9,informational
best romantic songs hindi,8100,0.01,0,3,informational
romance love story,6600,0.1,0,31,informational
romance indian movie,6600,0.02,0,0,informational
full romance movies,5400,1.59,0,9,informational
couple romantic video night,5400,,0,0,commercial
kiss video short,5400,,0,3,informational
romantic love kiss,5400,,0,0,informational
best love story movies bollywood latest,5400,0.04,0,2,informational
marriage relationship #couple romance,4400,0.58,0.03,6,informational
romance couple photo,4400,1.25,0,0,informational
marriage relationship couple romance,4400,0.58,0.03,0,informational
love kiss video full,4400,,0,0,informational
romantic movies on netflix hollywood,4400,0.47,0.02,7,informational
top 10 romantic movies on netflix,4400,,0,5,informational
romance full movie,4400,,0,7,informational
romantic video full open netflix,4400,,0,12,navigational
romantic video real life love,3600,,0,0,informational
full romance movies hollywood,3600,0.55,0.11,8,informational
romance film video,3600,,0,0,informational
full romantic video english,3600,,0,0,informational
romantic kiss and hug,3600,,0,0,informational
long lip kiss video,3600,,0,0,informational
full romance movies english,3600,1.15,0,5,informational
latest romantic movies bollywood,3600,0.05,0,0,informational
romance video youtube,2900,,0,3,informational
romance video full movie,2900,,0,0,informational
romantic video full movie,2900,,0,0,informational
top 10 romantic movies bollywood latest,2900,,0,0,informational
best romantic scenes,2400,,0,0,informational
romance video google,1900,,0,0,informational
love video full romantic kiss,1900,,0,0,informational
romantic movies on netflix bollywood,1900,,0,5,informational
kiss video romantic scene,1900,,0,0,informational
romantic video full short,1600,,0,0,informational
lips kiss video short,1600,,0,0,informational
best romantic scenes for couples,1600,,0,0,informational
best romantic video real life,1600,,0,0,informational
romantic video full open real life,1600,,0,0,navigational
romance videos netflix,1300,,0,9,informational
romance love movie,1300,,0,11,informational
best romance full movie,1300,0.01,0,10,informational
romance couple video song,1300,,0,0,informational
top 10 romantic scenes netflix,1300,,0,6,informational
romantic video real life love kiss,1300,,0,0,informational
new romantic video 2026,1300,,0,0,informational
romantic kiss video real life,1000,,0,0,navigational
top 10 romantic videos on youtube,1000,,0,5,informational
romantic couple pics at night indian,1000,,0,0,informational
romantic full movie in hindi,1000,0.15,0,0,informational
full romance movies hindi,880,0.05,0,1,informational
couple romantic video website,880,,0,0,navigational
english full romantic movies list,880,,0,14,informational
husband wife sexless marriage,880,0.68,0.18,6,informational
hug romantic couple pics at night,880,,0,0,informational
romance video love kiss,720,,0,0,informational
romantic movies hollywood in hindi,720,0.47,0.03,0,informational
couple romantic video short,720,,0,0,informational
full romance video song,720,,0,0,informational
romantic couple pic kiss,720,,0,0,informational
romantic couple pictures for profile,720,,0,4,informational
full romance movies bollywood,590,0.04,0,0,informational
romantic scenes for couples youtube,590,,0,0,navigational
love kiss video full youtube,590,,0,0,navigational
best romance love story,590,,0,8,informational
romantic video real life love story,590,,0,0,informational
romantic video full hd download,590,,0,,transactional
hot romance songs bollywood,590,,0,1,informational
romance live,480,,0,4,informational
romance couple goals,480,,0,8,informational
deep love story,480,,0,0,informational
romance after marriage in real life,480,,0,2,informational
romantic love story reading,390,,0.01,15,informational
intense romance movies on netflix,390,,0,16,informational
physical relationship romance,390,0.54,0.01,8,informational
full romantic video english download,390,,0,0,transactional
romantic kiss romantic couple pics at night,320,,0,0,informational
romantic couple pics at night video,320,,0,0,informational
youtube new romantic video,320,,0,2,informational
marriage relationship couple romance video,260,,0,0,commercial
romantic couple pics at night download,260,,0,0,navigational
romantic couple pics at night bedroom,260,,0,0,informational
best romance video youtube,210,,0,3,informational
romantic video only love,210,,0,,informational
romantic scenes netflix hindi,210,,0,,informational
romantic scenes netflix hollywood,210,,0,6,informational
romantic video full hd short,210,,0,,informational
new full romance movies,170,,0,,informational
full romance movies on netflix,170,,0,,informational
full romance movies list,170,,0,34,informational
best romantic scenes netflix,170,,0,,informational
romantic couple pics at night for whatsapp,110,,0,,informational
romantic couple goals videos,110,,0,0,informational
romantic scenes for couples in english,90,,0,,informational
open romantic video song,90,,0,,informational
youtube romantic video real life,90,,0,,navigational
relationship couple romance pictures,90,,0,,informational
top 10 romantic movies bollywood netflix,90,,0,,informational
top 10 romantic movies bollywood south,70,,0,,informational
best romance video google,50,,0,,informational
romance 1998 movie,50,,0,,informational
romantic video real life download,50,,0,,transactional
hug romantic couple pics at night free,50,,0,,commercial
couple goals pictures instagram,50,,0,,navigational
youtube full romantic video english,50,,0,,navigational
romance film indian,40,,0,0,informational
best romance video for couples,40,,0,,commercial
new romance video google,40,,0,,informational
new romance videos netflix,40,,0,,informational
best romance videos netflix,40,,0,,informational
new full romance movies hollywood,40,0.55,0.14,,informational
romantic video full short youtube,40,,0,,navigational
top 10 romantic movies bollywood imdb,40,,0,,informational
romantic scenes netflix 2022,40,,0,,informational
best full romance movies hollywood,30,0.79,0.05,,informational
romance movie 1999 dailymotion,30,,0,,informational
childhood,33100,0.26,0,47,informational
childhood friend complex,14800,,0,0,informational
the adventure class 11 questions and answers,8100,,0,0,informational
childhood class 11 summary,5400,,0,0,informational
father to son class 11 summary,5400,,0,0,informational
father to son class 11 questions and answers,5400,,0,0,informational
childhood class 11 questions and answers,5310,,0,0,informational
memories of childhood summary,4708,,0,0,informational
childhood class 11,4400,,0,0,informational
childhood memories quotes,4263,,0,0,informational
childhood friend meaning in hindi,2400,,0,0,informational
memories of childhood class 12 questions and answers,1900,,0,0,informational
childhood memories,1610,,0,13,informational
childhood meaning,1600,,0,3,informational
my childhood class 9 summary,1600,,0,0,informational
childhood in hindi,1594,,0,0,informational
childhood summary,1476,,0,0,informational
the childhood class 11 question answer,720,,0,0,informational
memories of childhood summary part 2,720,,0,0,informational
the childhood class 11 summary,720,,0,0,informational
childhood class 11 pdf,720,,0,0,informational
childhood song,589,0.03,0,2,informational
my childhood memories paragraph 300 words,480,,0,0,informational
childhood class 11 extra questions and answers,480,,0,0,informational
childhood memories quotes short,390,,0,1,informational
my childhood memory essay,360,,0,0,informational
childhood class 11 poetic devices,320,,0,0,informational
10 lines on childhood memories,320,,0,0,informational
father to son class 11 extra questions and answers,320,,0,0,informational
my childhood friend meaning in hindi,320,,0,0,informational
class 11 childhood question answers,279,,0,0,informational
childhood memories class 12,260,,0,0,informational
childhood class 11 summary stanza wise,260,,0,0,informational
childhood meaning in english,260,,0,13,informational
childhood in a sentence,260,,0,0,informational
my childhood meaning in hindi,260,,0,0,informational
rauf & faik childhood,260,,0,1,informational
theme of childhood class 11,260,,0,0,informational
father to son class 11 poetic devices,260,,0,0,informational
childhood movie,239,,0,38,informational
childhood meaning in odia,210,,0,,informational
early childhood meaning in hindi,210,,0,0,informational
childhood class 11 poem,210,,0,0,informational
miss childhood memories quotes,195,,0,0,informational
unforgettable childhood memories quotes,170,,0,,informational
my childhood essay 100 words,170,,0,0,informational
my childhood memories paragraph 150 words,140,,0,12,informational
childhood class 11 theme,140,,0,0,informational
childhood memories quotes for instagram,110,,0,0,informational
childhood memories class 12 summary,110,,0,0,informational
memories of childhood project class 12,110,,0,,commercial
childhood class 11 summary in hindi,110,,0,24,informational
happy birthday childhood friend meaning in hindi,110,,0,,informational
my childhood explanation,110,,0,16,informational
childhood friend meaning,107,,0,0,informational
rauf & faik songs,105,,0,4,informational
childhood friend quotes,101,,0,0,informational
childhood class 11 notes,90,,0,0,informational
early childhood in hindi,90,,0,44,informational
enjoying childhood memories quotes,90,,0,,informational
childhood class 11 extra questions and answers pdf,90,,0,,informational
my childhood pic meaning in hindi translation,90,,0,2,informational
childhood song lyrics,85,,0,0,informational
what is childhood age,70,,0,,informational
childhood memories quotes in english,70,,0,10,informational
introduction of memories of childhood class 12,70,,0,,informational
childhood class 11 summary pdf,70,,0,,informational
poetic devices in a photograph class 11 pdf,70,,0,,informational
childhood synonyms in english,70,,0,16,informational
my childhood memories 10 lines,50,,0,,informational
my favourite childhood memory paragraph,50,,0,0,informational
childhood class 11 short questions and answers,50,,0,,informational
rauf & faik childhood lyrics,50,,0,0,informational
childhood definition in psychology,49,,0,60,informational
childhood class 11 ncert,40,,0,,informational
rauf & faik childhood lyrics in english,40,,0,,informational
my childhood memories paragraph 500 words,40,,0,,informational
write a paragraph on my childhood,40,,0,,informational
childhood class 11 line by line explanation,40,,0,,informational
10 sentences of childhood,40,,0,,informational
late childhood meaning in hindi,40,,0,0,informational
early childhood education meaning in hindi,40,,0,,informational
the childhood class 11 central idea,30,,0,0,informational
class 11 childhood short question answer,30,,0,,informational
childhood class 11 summary stanza wise pdf,30,,0,,informational
childhood friend meaning in urdu,30,,0,,informational
childhood friend meaning in odia,30,,0,,informational
childhood sentence for class 5,30,,0,,informational
middle childhood meaning in hindi,30,,0,,informational
short essay on childhood memories,25,,0,0,informational
childhood memories book,20,,0.2,,informational
childhood movie bollywood,20,,0,,informational
childhood memories essay 200 words,20,,0,,informational
tell me about your childhood memories,20,,0,0,informational
memories of childhood part 2 class 12,20,,0,,informational
poetic devices of voice of the rain class 11,20,,0,44,informational
childhood sentence for class 4,20,,0,,informational
childhood make sentence for class 2,20,,0,,informational
michael jackson childhood song,17,,0,,informational
best childhood memory essay,15,,0,16,informational
childhood memories examples,12,,0,4,informational
childhood in hindi language,10,,0,,informational
childhood song in english,10,,0,,informational
childhood song mp3,10,,0,,informational
childhood song meaning,10,,0,,informational
childhood song daniel,10,,0,,informational
childhood movie 2010,10,,0,,informational
childhood movie in hindi,10,,0,,informational
childhood memories quotes with friends,10,,0,9,informational
childhood memories quotes funny,10,,0,,informational
childhood memories essay pdf,10,,0,,informational
childhood memories essay 250 words,10,,,,informational
childhood memories essay 100 words,10,,,,informational
my childhood memories paragraph 300 words in english,10,,0,,informational
my childhood memories paragraph 300 words for class 6,10,,0.02,,informational
my childhood memories paragraph 300 words brainly,10,,,,informational
childhood memories examples essays,10,,,,informational
funny childhood memories examples,10,,0,,informational
my childhood memories paragraph 200 words,10,,0,,informational
childhood memories paragraph 250 words,10,,0,,informational
the childhood class 11 question answer extra,10,,,,informational
childhood class 11 notes pdf,10,,0,,navigational
childhood class 11 poetic devices with examples,10,,0,,informational
anaphora in childhood poem,10,,,,informational
childhood life meaning,10,,0,,informational
childhood friend meaning age,10,,0,,informational
childhood sentence for class 3,10,,0,,informational
early childhood meaning in english,10,,,,informational
early childhood meaning in punjabi,10,,0,,informational
childhood song lyrics in hindi,10,,0,,informational
childhood song lyrics english,10,,0,16,informational
rauf & faik lyrics in english letters,10,,,,navigational
childhood song language,10,,0,46,informational
rauf & faik childhood videos,10,,,,navigational
rauf faik never lie to me,10,,0,,informational
childhood memories essay,7,,0,0,informational
childhood friend synonyms,2,,0,0,informational
childhood in psychology,2,,0.03,63,informational
childhood memories stories,1,,0,36,informational
childhood movie 2001,,,,,informational
mental health,47872,1.47,0.06,87,informational
mental health awareness,18086,4.62,0.02,62,informational
mental health definition,7402,1.25,0,79,informational
mental illness,6277,0.48,0.01,85,informational
mental illness definition,4400,,0,85,informational
world mental health day 2025,4400,,0,57,informational
world mental health day theme 2025,2900,,0,57,informational
mental health helpline number,2895,,0,31,informational
mental health test,2753,0.37,0.35,52,informational
mental health awareness poster,2605,0.01,0.02,6,informational
14416 helpline number,1900,,0,8,informational
mental disorders list,1413,1.36,0,84,informational
what is mental illness,1300,,0,83,informational
mental health powerpoint presentation,979,,0,0,informational
mental health near me,880,0.4,0.27,43,navigational
what are the 7 types of mental disorders,880,,0,70,informational
importance of mental health awareness,866,3.36,0.01,15,informational
mental health ppt,800,,0,0,informational
mental health poster ideas,712,,0,3,informational
mental health awareness day,588,,0,40,informational
free mental helpline number,480,,0,24,informational
depression helpline number,480,,0,29,informational
mental health month,480,,0,49,informational
depression helpline india free 24/7,479,,0,30,informational
why is mental health important,472,2.37,0.02,48,informational
mental health awareness quotes,313,0.2,0,4,informational
mental health definition pdf,295,,0,24,informational
mental health: definition pdf,295,,0,18,informational
mental health examples,257,,0.01,76,informational
mental health poster competition,210,,0,0,informational
powerful mental health quotes,210,,0,,informational
world mental health awareness month,210,,0,62,informational
importance of mental health awareness speech,210,,0,27,informational
vandrevala foundation for mental health,170,1.63,0.19,,navigational
what is mental health awareness,170,2.51,0,28,informational
what disorder do i have quiz,169,0.2,0.15,35,informational
mental health awareness ppt,159,,0,0,informational
ppt on mental health awareness,159,,0,0,informational
mental health awareness speech,148,,0.01,3,informational
free counselling helpline india,140,,0,52,informational
mental health awareness poster drawing,140,,0,,informational
world mental health day theme 2026,140,,0,,informational
10 signs of madness,140,,0,50,informational
mental health ppt for students,110,,0,14,informational
mental health ppt free download,110,,0,0,informational
government helpline number for mental health,110,,0,,informational
mental health helpline number 24 hours,90,,0,,informational
mental health poster making for students,90,,0,,informational
importance of mental health awareness essay,90,,0,46,informational
importance of mental health ppt,90,,0.01,0,informational
mental health toll-free number india,89,,0,,informational
mental health topics for presentation,70,,0,47,informational
mental health presentation topics,70,,0,25,informational
mental health presentation pdf,70,,0,,informational
mental health definition by authors,70,,0,,informational
mental health definition ppt,70,,0,,informational
mental health quiz questions and answers,70,0.61,0.08,14,informational
10 importance of mental health for students,70,,0,,informational
mental health awareness topics,55,16.87,0.02,68,informational
mentally unstable signs,55,,0.01,67,informational
introduction to mental health pdf,50,,0,50,informational
5 minute speech on mental health,50,,0,,informational
mental health awareness poster with slogan,50,,0,,informational
short mental health quotes by psychologists,50,,0.02,,informational
importance of mental health awareness pdf,50,,0,,informational
mental health awareness ppt for students,50,,0,,informational
mental health awareness presentation pdf,50,,0,,informational
mental health presentation for students with free powerpoint,50,,0,,informational
signs of a person losing their mind,50,,0,73,informational
psych evaluation test online free,49,0.38,0.38,,informational
why is mental health important for students,40,,0,11,informational
mental health awareness speech in english,40,,0,,informational
mental health awareness day 2026,40,,0,,informational
what mental illness do i have quiz free,40,0.06,0.15,83,informational
2-minute speech on mental health for students,35,,0,,informational
mental health awareness training,30,,0.04,,informational
mental health ppt psychology,30,,0,,informational
introduction to mental health ppt,30,,0,,informational
mental health awareness speech for students,30,,0,,informational
mental health awareness posters for schools,30,,0,48,informational
mental health quotes for woman,30,,0.02,,informational
short mental health quotes for students,30,,0,,informational
importance of mental health awareness ppt,30,,0,,informational
mental health ppt free download pdf,30,,0,,informational
mental illness definition in nursing,30,,0,,informational
mental illness definition ppt,30,,0,,informational
mental health introduction ppt,30,,0,,informational
warning signs of mental illness ppt,30,,0,,informational
mental health ppt community medicine,20,,0,,informational
mental health awareness poster drawing easy,20,,0,,informational
mental health awareness topics for students,20,,0,,informational
trending mental health topics,20,,0.02,58,informational
mental health awareness presentation ideas,20,,0,,informational
mental health ppt pdf,20,,0,28,informational
5 reasons why mental health is important,20,,0,,informational
mental health introduction pdf,20,,0,50,informational
mental health introduction in hindi,20,,0,,informational
mental illness test for teenagers,15,1.44,0.08,,informational
mental health powerpoint template,13,,0,,informational
mental health helpline chat,10,1.05,0.08,,informational
mental health test idrlabs,10,,,,informational
why is mental health important in society,10,,,,informational
mental health pdf books,10,,0,50,informational
mental health awareness speech for 2 minutes,10,,0,,informational
mental health awareness speech topics,10,,,,informational
mental health awareness speech pdf,10,,0,,informational
short speech on mental health awareness,10,,0,,informational
mental health awareness poster handmade,10,,0,,commercial
short mental health awareness quotes,10,,0,,informational
mental health awareness quotes for students,10,,0,,informational
mental health awareness day may,10,,0,,informational
mental health awareness day quotes,10,,,,informational
mental health awareness topics for employees,10,,0.14,,informational
the importance of mental health awareness paragraph,10,,0,,informational
importance of mental health awareness poster,10,,0,,informational
mental health awareness ppt download,10,,,,informational
mental health awareness ppt template,10,,0,,informational
10 benefits of good mental health,10,,0,,informational
why is mental health important in everyday life,10,,,,informational
why is mental health important for students essay,10,,,,informational
effect of mental health on students,10,,0,,informational
mental health introduction research,10,,,,informational
mental health introduction essay,10,,0,,informational
top 10 most common mental disorders,10,,0,81,informational
is depression the most common mental illness,10,,0,,informational
mental disorders list pdf,10,,0,,informational
mental health quotes positive,2,,0,12,informational
importance of mental health essay,2,,0,24,informational
mental health illness,,,,98,informational
mental health counselling free,,,,58,informational
mental health helpline 24/7 india,,,,,informational
mental health test near me,,,,,navigational
mental health test free,,,,36,informational
mental health test quiz,,,,,informational
mental health test online,,,,47,informational
mental health test for students,,,,,informational
mental health test name,,,,,informational
10 importance of mental health,,,,11,informational
importance of mental health pdf,,,,62,informational
mental health introduction,,,,36,informational
what are the 20 types of mental disorders,,,,,informational
mental disorders list a-z,,,,,informational
what are the 10 types of mental disorders,,,,71,informational
mental disorders list and symptoms,,,,86,informational
causes of mental illness,,,,78,informational
what are the 5 most common mental disorders,,,,59,informational
warning signs of mental illness,,,,50,informational
what are the 5 signs of mental illness,,,,58,informational
mental illness vs mental disorder,,,,34,informational
severe mental illness list,,,,36,informational
lgbtq full form,83201,2.39,0,27,informational
lgbtq,47544,3.28,0,57,informational
lgbtq flag,7650,,0,48,informational
rainbow flag,4392,0.01,0.04,9,informational
pride flag,3265,0.03,0.03,24,informational
lgbtq full form and meaning,2400,,0,27,informational
lgbtq community,1597,0.45,0.01,63,informational
straight flag,1000,,0,0,informational
lgbtq in india,945,,0,21,informational
rainbow flag meaning,720,,0,48,informational
lgbtq full form q meaning,480,3.42,0,26,informational
lgbtq in hindi,390,,0,0,informational
lgbtq people,390,,0,47,informational
pride flag emoji,390,,0,6,informational
pride flag meaning,260,,0,40,informational
which country has rainbow flag,260,,0,19,informational
lgbtqqip2saa full acronym,170,,0,0,informational
rainbow flag emoji,170,,0,12,informational
progress pride flag,140,0.01,0,63,informational
difference between rainbow colors and lgbt flag,110,,0,41,informational
lgbtq network meaning,110,,0,,informational
lgbtq community in india,109,0.76,0.01,43,informational
lgbtq poster,90,0.04,0.03,0,informational
straight ally flag,70,,0,27,informational
lgbt community near me,57,0.3,0.12,100,navigational
rainbow flag country,57,,0,12,informational
lgbtq people in india,50,,0,,informational
original pride flag,50,,0,58,informational
lgbtq full form flag,50,,0,51,informational
lgbtq community kya hai,40,5.21,0,,informational
lgbtq friendly meaning in hindi,40,,0,,informational
lgbtq slogan,40,,0,26,informational
rainbow flag country name,40,,0,,informational
rainbow flag meaning in relationship,40,,0,,informational
pride flag colors meaning,35,,0,54,informational
lgbtq poster ideas,30,,0,51,informational
how many pride flags are there,30,,0,,informational
rainbow flag image,30,,0,,informational
lgbtq helpline india,30,,0,,navigational
rainbow flag colors,25,,0,,informational
lgbt color code,20,,0,27,informational
all pride flags and names,20,,0,,informational
full lgbt acronym,20,,0,64,informational
lgbt ngos near me,20,,0.01,3,navigational
7 color rainbow vs 6-color rainbow,15,,0,,informational
pride flag buy,15,0.34,0.94,,transactional
7 color rainbow vs 6 color rainbow,15,,0,,informational
lgbtq flag poster,10,,0,,transactional
lgbtq poster drawing,10,,,,informational
lgbtq poster making,10,,0,,informational
lgbt posters for schools,10,,0,,informational
poster about lgbtq equality,10,,0,,informational
free lgbtq posters for schools,10,,,,informational
progress pride flag meaning,10,,0,,informational
rainbow flag buy,10,0.02,0.95,,transactional
rainbow flag drawing,10,,0,,informational
pride flags to avoid,10,,0,,informational
straight flag color,10,,0,,informational
straight flag name,10,,,,navigational
straight flag emoji,10,,0,,informational
is the straight flag offensive,10,,0,,informational
new straight flag,10,,0,,informational
why is the straight flag black and white,10,,0,,informational
who made the straight flag,10,,0,,informational
lgbtiqcapgngfnba acronym,10,,0,,informational
lgbtqqip2saa full acronym and meaning,10,,,,informational
lgbtq full form difference,10,,0,,informational
what is the lgbtq community called now,10,,0,,informational
lgbtq community leader,10,,0.01,,informational
lgbtq community history,10,2.94,0.04,,informational
lgbtq ngos in mumbai,10,,0,,informational
lgbt support groups in india,10,,,,informational
ngo for lgbt in delhi,10,,0,47,informational
lgbt support groups in delhi,10,,,,informational
lgbt ngo jobs,10,,0.14,,informational
lgbt group whatsapp,10,,0,42,navigational
lgbt slogan poster,10,,0,,informational
lgbtq slogan tagalog,10,,0,,informational
pride month slogans,10,,0,50,informational
lgbt slogan tagalog brainly,10,,,,informational
lgbtq title ideas,10,,0,,informational
lgbt slogans funny,0,,,,informational
pride slogans 2022,0,,,,informational
lgbt poster slogan tagalog,0,,,,informational
queer,,,,8,informational
stories,115159,3.67,0.01,43,informational
english story,61208,4.47,0.02,16,informational
short stories for kids,40500,0.39,0.05,17,informational
short story in english,28623,3.52,0.01,30,informational
stories in english,18232,5.03,0.02,20,informational
bedtime stories for kids,18091,0.06,0.16,33,informational
stories for kids,16033,0.47,0.06,30,informational
5 lines short stories with moral,9692,31.26,0,0,informational
10 lines short stories with moral,5550,0.59,0,0,informational
short story in english with moral,4893,1.51,0.01,0,informational
very short stories with moral,3208,0.02,0,0,informational
stories in english with moral,2795,1.51,0.01,14,informational
english stories to improve english,2398,2.07,0.04,25,informational
famous english stories pdf,2374,2.01,0.01,7,informational
2 minute story in english with moral,2349,0.41,0,4,informational
stories in english for students,1810,2.45,0.01,27,informational
best short story in english,1790,1.17,0.02,35,informational
20 lines short stories with moral,1600,,0,0,informational
bedtime stories to read online free,1598,0.17,0.12,36,informational
stories to read,1564,4.16,0.05,58,informational
long story in english with moral,1423,2.28,0,1,informational
stories in english writing,1300,6.07,0,30,informational
stories name,1169,,0,7,informational
50 great short stories pdf free download,1000,,0,10,informational
moral stories in english pdf,928,2.47,0.02,0,informational
short stories in english for students,905,2.45,0.01,9,informational
english story writing topics,800,1.05,0,9,informational
urdu stories,723,0.39,0,0,informational
short stories to read,713,3.52,0.03,51,informational
interesting real life stories,712,,0,0,informational
stories for teenagers,705,5.47,0.01,0,informational
stories to read online free,674,3.1,0.1,51,informational
best story in english,614,6.37,0.01,18,informational
english story reading for adults,590,2.02,0.06,29,informational
5 minute short stories for adults,480,2.95,0.02,3,informational
2 page short stories pdf,480,0.52,0,0,informational
stories in english to read,478,1.21,0.05,31,informational
english stories to improve english pdf,390,0.83,0.02,1,informational
short stories to read online for free,388,1.67,0.08,46,informational
new stories in urdu,374,,0,5,informational
best short stories in english,357,1.17,0.02,35,informational
stories short,333,0.87,0.01,51,informational
short love story 100 words,320,,0,0,informational
stories to read online,319,3.85,0.08,47,informational
short stories in english pdf,316,1.77,0.02,0,informational
bedtime stories for teenagers,220,1.07,0,0,informational
short stories in english pdf free download,210,,0,38,transactional
story saver extension,210,,0,,informational
real life incident short story,210,,0,0,informational
short stories in english to read,203,9.56,0.04,46,informational
short stories for free,201,2.36,0.06,54,informational
free english stories to improve english,170,0.57,0.07,24,informational
365 moral stories in urdu pdf free download,170,,0,,navigational
english stories to read online,160,1.38,0.12,52,informational
english literature short stories,156,0.75,0.01,51,informational
stories name in english,144,,0,37,informational
love stories video download,144,,0,0,informational
beautiful stories in urdu,140,,0,,informational
tia and tofu horror stories,140,,0,,informational
english short story with author name,136,,0,21,informational
short stories in urdu,111,0.37,0,0,informational
interesting stories in urdu for reading,110,,0,,informational
short stories with author name and moral,110,,0,16,informational
short stories in english for students pdf,110,1.02,0.01,5,informational
youtube stories and short videos,110,,0,71,informational
stories for teenagers in english,90,0.21,0.05,,informational
short story with author name,87,0.18,0.01,13,informational
stories in english writing with moral,85,13.63,0,4,informational
stories to read for adults,70,2.04,0.06,18,informational
romance stories to read online,70,0.09,0.06,23,informational
inspirational stories in english with moral,70,,0,3,informational
bedtime stories to read online free with pictures,70,0.23,0.11,,informational
short stories for teenagers,65,0.3,0.03,0,informational
english story with author name,55,0.06,0.01,46,informational
english famous short story,53,,0,33,informational
real life stories to read online,50,2.65,0.03,22,informational
stories in english for students with moral,50,,0,46,informational
short stories to read online for free for adults,50,0.29,0.08,,informational
2 minute short stories for adults,50,,0.01,,informational
best short stories pdf,50,,0.02,0,informational
short story with author and summary,47,,0,13,informational
short stories with summary and author,47,,0,12,informational
funny stories for teens,40,,0,,informational
story writing with title and moral,40,,0,,informational
true stories to read online for free,40,0.27,0.06,,informational
3 minute short stories for adults,40,2.78,0.01,,informational
all stories in english,35,,0,15,informational
short stories for teenagers with moral lesson pdf,35,2.35,0.01,44,informational
urdu stories for elders,35,,0,1,informational
urdu stories love,32,,0,0,informational
best short story in the world,30,0.02,0.16,20,informational
short story videos for adults,30,0.32,0.05,,informational
urdu stories for elders pdf,30,,0,42,informational
5 minute short stories for adults with moral,30,,0.01,,informational
short stories name,28,,0,50,informational
famous english short stories pdf,26,2.01,0.01,0,informational
short stories to read in english,22,0.01,0.03,13,informational
short stories for teenagers in english,22,0.21,0.05,46,informational
story in english with author name,20,,0,46,informational
romance stories for teenagers,20,,0,,informational
stories in english to read pdf,20,0.69,0.03,0,informational
best stories to read online free,20,5.89,0.11,,informational
best short stories for teens,20,0.3,0.33,51,informational
urdu short stories romantic,20,,0,,informational
new stories in urdu pdf,20,,0,,informational
5 minute short stories for adults with pictures,20,0.01,0.04,,informational
stories video,19,0.36,0.01,12,informational
urdu stories in hindi,18,,0,0,informational
short romance stories online free,18,,0.14,12,informational
short stories to read for adults,15,,0.04,,informational
short stories for 13 year olds,15,,0.06,52,informational
stories video download,10,,0,6,transactional
short stories in urdu with moral,10,,0,4,informational
short stories in urdu pdf,10,,0,42,navigational
short stories for adults pdf,10,,0.02,,informational
short romantic bedtime stories,10,,0,7,informational
best short stories online,10,,0.01,56,informational
stories for teenagers to read,10,,0,50,informational
free stories for teenagers,10,,0,,informational
stories in english for students pdf,10,3.93,0.02,2,informational
short stories in english for students with questions,10,,0,,informational
stories in english pdf free download,10,,,58,informational
best stories in english pdf,10,,0,,informational
stories in english to read with moral,10,,0,,informational
classic bedtime stories to read online free,10,,,,informational
bedtime stories to read online free 5 minutes,10,0.02,0.05,,transactional
bible bedtime stories to read online free,10,,0.14,,informational
bedtime stories to read online free audio,10,,0,,informational
stories to read online for adults,10,1.31,0.14,,informational
stories to read in english pdf,10,,0.02,0,informational
english stories video,8,1.72,0,17,informational
short stories in english writing,8,12.3,0,30,informational
short stories in english with moral,7,1.51,0.01,11,informational
bedtime stories video,7,,0,58,informational
english stories video download,7,,0,,transactional
english short stories video,6,,0,64,informational
stories short in english,5,4.47,0.02,22,informational
stories in english short,4,3.52,0.01,46,informational
all story,4,,0,43,informational
stories in urdu,3,,0,0,informational
stories in urdu with moral,3,,0,0,informational
short stories video,3,1.16,0.02,12,informational
stories in urdu pdf,3,0.39,0,0,informational
stories in english pdf,2,2.37,0.03,0,informational
stories to read in english,2,2.56,0.05,31,informational
stories in english with moral for students,2,2.22,0.01,18,informational
short stories to read online free,2,1.67,0.08,47,informational
best stories short,1,0.22,0.06,14,informational
romance stories short,1,0.35,0.02,0,informational
short stories to read online,1,1.78,0.04,54,informational
books,129325,2.51,0.03,71,informational
online notepad,105588,0.26,0,49,informational
open library,56652,1.36,0.01,31,informational
books to read,40610,0.75,0.51,11,informational
bookchor,19615,0.01,0.26,29,informational
story books,13303,0.41,0.5,17,informational
notes online,13127,0.33,0.06,56,informational
best novels to read,10305,0.06,0.77,28,informational
romance novels to read,9900,0.04,0.39,6,informational
novels to read,9128,1.06,0.25,40,informational
download any book for free pdf,5053,1.46,0.05,43,transactional
ebooks free,4709,1.64,0.07,100,informational
best books to read in life,4582,0.13,0.89,17,informational
free ebooks,4329,1.5,0.02,93,informational
books online,3866,0.36,0.8,57,informational
best novels to read in english,3270,0.11,0.76,28,informational
free books online pdf,3061,2.84,0.05,67,informational
books dp,2900,,0,4,informational
books to read for teens,2858,0.06,0.39,6,informational
books to read online,2798,3.78,0.09,74,informational
famous novels,2794,0.02,0.05,40,informational
story books for adults,2400,0.06,0.83,0,informational
famous english stories pdf,2374,2.01,0.01,7,informational
story books to read,2335,1.16,0.19,25,informational
google books free,1839,1.15,0.01,60,informational
famous english novels,1837,0.08,0.15,43,informational
famous novels in english for students,1600,0.55,0.07,0,informational
best novels to read to improve english pdf,1600,2.38,0.04,0,informational
bedtime stories to read online free,1598,0.17,0.12,36,informational
novels to read in english,1597,0.75,0.3,6,informational
novels to read online,1593,1.94,0.1,33,informational
books dp for whatsapp,1286,,0,0,navigational
story books to read online,1257,1.16,0.19,66,informational
online book shopping app,1221,0.13,0.59,4,transactional
buy books online india cheap,1191,0.07,0.93,56,transactional
read free books online without downloading,1040,1.84,0.04,71,informational
where to sell used books online in india,1000,0.23,0.05,9,transactional
50 great short stories pdf free download,1000,,0,10,informational
top 10 best books of all time,991,0.03,0.14,25,informational
story books english,912,0.86,0.19,2,informational
story books to read online free,880,1.45,0.11,66,informational
most life-changing books to read,878,0.02,0.67,4,informational
best books to read for teens,866,0.02,0.36,2,informational
books to read for free,756,2.75,0.08,69,informational
books online buy in india,720,0.14,0.89,0,transactional
cheap notebooks 400 pages,720,0.01,0.97,0,transactional
handwriting notepad online,720,0.51,0.03,46,informational
books online free,719,1.88,0.06,81,informational
google play books for pc,707,0.38,0.02,40,transactional
good books for 14 16 year olds,650,0.03,0.72,0,informational
notes online free,600,0.32,0.06,42,informational
notebook price 200 pages,590,0.01,0.95,0,commercial
picture story books pdf,581,1.33,0.09,9,informational
english story book to improve english,529,0.34,0.38,6,informational
short story books,518,0.22,0.57,13,informational
dp for book lovers,480,,0,0,informational
meesho books combo,480,0.01,0.02,0,informational
second hand books online in india,428,0.07,0.88,0,commercial
books meesho,390,0.09,0.05,0,informational
short novels in english for students,390,0.01,0.27,9,informational
level 1 reading books pdf free download,390,,,2,transactional
best novels to read romantic,356,0.02,0.32,16,informational
best website to buy books at low price,320,0.08,0.92,,commercial
second hand books online cash on delivery india,320,0.05,0.64,0,transactional
novels to read for students,320,0.45,0.11,0,informational
story books to read online free pdf,320,0.02,0.03,55,informational
online reading,317,2.98,0.05,100,informational
top 10 books to read before you die,295,0.03,0.19,21,informational
free online reading,288,0.37,0.05,90,informational
best self-improvement books of all time,283,0.07,0.73,11,informational
english books for beginners pdf,272,0.89,0.03,0,informational
play books app,260,0.26,0.01,41,informational
books to read online for free in english,260,2.1,0.11,35,informational
book combo under 200,260,0.02,0.52,23,transactional
top 10 most life-changing books to read,259,0.02,0.68,7,informational
famous novels in india,259,0.04,0.05,0,informational
best books to read online for free,255,2.08,0.09,66,informational
books online buy,242,0.14,0.9,74,transactional
notes book price,240,0.01,0.92,0,commercial
books to write,240,0.15,0.24,0,informational
best novels to read for students,240,0.02,0.49,0,informational
play books online,210,1.25,0.03,54,informational
cheap notebooks stationery online,210,0.02,1,7,navigational
top 5 influential self-help books,209,0.03,0.65,24,informational
novels to read for beginners,195,0.06,0.33,0,informational
google play books free,188,0.22,0.04,29,informational
english story books free download pdf,179,2,0.03,15,transactional
books notes,175,0.09,0.42,32,informational
fiction books to read for teens,170,0.03,0.18,27,informational
notebook price 100 pages,170,,0.94,0,commercial
famous novels to read,170,0.09,0.25,34,informational
best books to read self development,168,0.04,0.74,27,informational
wholesale notebooks online,159,0.03,0.95,0,commercial
best novels to read in india,145,0.05,0.44,0,informational
10 best novels of all time,140,0.01,0.06,35,informational
play books login,140,,0,,navigational
novels to read for adults,140,0.92,0.49,,informational
100 best novels of all time,140,1.47,0.01,79,informational
self-improvement books for young adults,139,0.01,0.66,,informational
english story book to improve english pdf,130,1.14,0.03,0,transactional
best books story,113,0.03,0.46,20,informational
books dp for instagram,110,,0,,navigational
romance books to read for teens,110,,0.03,,informational
google play books upload,110,0.91,0.03,46,navigational
study books dp for whatsapp,110,,0,6,transactional
books to read novels,105,0.04,0.49,21,informational
best novels to read about life,105,0.23,0.84,,informational
best novels in english for beginners,105,0.02,0.37,0,informational
story books pdf free download,102,2.55,0.06,23,informational
best novels of the 21st century,101,0.86,0.06,11,informational
free online books to read for adults romance,90,0.26,0.05,,informational
free books to read on my phone,90,0.71,0.08,,informational
apps to buy books at cheap price,90,0.03,0.98,,commercial
book dp new,90,,0,,informational
online notebook for students,90,0.01,0.12,15,informational
famous english novels in india,90,,0.01,,informational
best life-changing books to read before you die,89,0.01,0.42,,informational
best online book shopping app,70,0.08,0.85,,commercial
creative writing book pdf,70,0.02,0.06,44,informational
book notes stickers,70,0.01,0.9,15,transactional
top 10 best books to read in life,70,0.02,0.63,,informational
books to read self improvement,57,0.09,0.8,6,informational
google play books download pdf,57,0.33,0.07,,transactional
self-help books combo meesho,55,0.01,0.7,,commercial
buy books online second hand,50,0.05,0.58,35,transactional
famous novels in english literature,47,,0.04,,informational
best self-improvement books of all time pdf,45,,0.08,,informational
novels to read in urdu,45,,0.01,,informational
best books to read self-development,42,0.04,0.74,1,informational
best books to read in life for self-improvement,35,0.02,0.92,,informational
top 10 self-help books of all time,23,0.07,0.28,17,informational
books to read online for teens,23,8.44,0.05,,informational
self-improvement books for men,21,0.03,0.85,18,informational
flipkart online book shopping,20,0.06,0.76,13,transactional
book dp for whatsapp,14,,0,0,navigational
best novels to read for teens,5,0.04,0.63,9,informational
romance books online read,5,0.67,0.03,33,informational
books novel,4,0.11,0.49,11,informational
books story,4,0.39,0.11,29,informational
best novels to read for beginners,3,0.03,0.71,0,informational
books story in english,3,2.95,0.11,2,informational
english short story books pdf,3,1.09,0.02,0,navigational
books online read free,1,2.36,0.06,66,informational
books online read,1,2.49,0.07,100,informational
best self-help books,1,0.03,0.79,10,informational
books story pdf,1,3.81,0.02,9,informational
best novels of all time list,1,0.03,0.18,58,informational
self-improvement books pdf,1,3.71,0.01,9,informational
online book shopping websites,1,0.4,0.78,81,commercial
best novels to read online,1,1.84,0.1,26,informational
